order_date,order_id,customer_id,product_id,category,region,payment_mode,quantity,amount
2024-04-12,O10000,C1052,P102,Sports,North,UPI,2,3840
2024-12-14,O10001,C1054,P132,Clothing,East,UPI,4,6112
2024-09-27,O10002,C1031,P105,Home,North,Debit Card,2,5100
2024-04-16,O10003,C1050,P149,Home,South,Credit Card,1,2303
2024-03-12,O10004,C1043,P109,Sports,South,Debit Card,3,7323
2024-07-07,O10005,C1081,P104,Home,South,Cash on Delivery,3,8955
2024-01-21,O10006,C1069,P122,Electronics,North,Cash on Delivery,4,21772
2024-04-12,O10007,C1017,P109,Clothing,South,Cash on Delivery,4,4152
2024-05-01,O10008,C1082,P143,Home,North,Cash on Delivery,3,7464
2024-08-02,O10009,C1021,P101,Clothing,East,Cash on Delivery,4,6572
2024-11-26,O10010,C1036,P112,Electronics,North,Credit Card,2,10082
2024-03-28,O10011,C1095,P139,Home,East,UPI,5,13345
2024-04-09,O10012,C1055,P101,Sports,North,Debit Card,5,8885
2024-12-25,O10013,C1058,P183,Clothing,East,Debit Card,2,2404
2024-05-31,O10014,C1002,P164,Electronics,South,Cash on Delivery,5,22825
2024-05-10,O10015,C1027,P162,Clothing,East,Debit Card,1,1107
2024-05-29,O10016,C1073,P172,Home,South,Cash on Delivery,2,4534
2024-11-04,O10017,C1034,P116,Home,South,Credit Card,4,8884
2024-09-14,O10018,C1060,P108,Sports,East,Credit Card,2,4606
2024-12-09,O10019,C1092,P174,Electronics,North,UPI,3,15087
2024-10-20,O10020,C1053,P114,Electronics,North,Credit Card,4,18356
2024-07-10,O10021,C1062,P123,Sports,West,Credit Card,3,6576
2024-10-03,O10022,C1078,P137,Sports,North,UPI,4,7016
2024-06-09,O10023,C1096,P134,Electronics,West,Debit Card,5,24770
2024-11-09,O10024,C1006,P193,Clothing,North,Cash on Delivery,2,2504
2024-01-22,O10025,C1075,P194,Clothing,North,Cash on Delivery,1,1256
2024-09-09,O10026,C1048,P148,Sports,South,Debit Card,4,7528
2024-08-23,O10027,C1093,P168,Clothing,West,UPI,4,5764
2024-12-10,O10028,C1084,P161,Electronics,North,Debit Card,3,16071
2024-02-18,O10029,C1030,P159,Home,West,Credit Card,5,12990
2024-02-28,O10030,C1057,P149,Home,South,UPI,3,6267
2024-06-18,O10031,C1060,P177,Clothing,South,UPI,3,5244
2024-07-06,O10032,C1023,P174,Sports,West,UPI,5,9445
2024-09-27,O10033,C1019,P108,Sports,South,Cash on Delivery,1,2081
2024-07-08,O10034,C1036,P133,Sports,East,Debit Card,3,4629
2024-06-23,O10035,C1003,P175,Sports,East,UPI,3,6633
2024-02-20,O10036,C1091,P198,Sports,South,UPI,4,8652
2024-12-29,O10037,C1019,P134,Clothing,East,UPI,5,7985
2024-02-24,O10038,C1059,P100,Home,North,Debit Card,2,4036
2024-08-31,O10039,C1023,P139,Home,West,Cash on Delivery,1,2100
2024-11-15,O10040,C1049,P163,Clothing,North,Credit Card,1,1913
2024-05-10,O10041,C1048,P121,Sports,West,Cash on Delivery,5,10530
2024-11-02,O10042,C1050,P159,Clothing,South,UPI,4,7060
2024-05-14,O10043,C1095,P163,Home,North,Cash on Delivery,4,9424
2024-01-21,O10044,C1035,P192,Electronics,South,Cash on Delivery,5,25205
2024-11-24,O10045,C1097,P171,Clothing,South,Credit Card,4,7040
2024-06-15,O10046,C1099,P110,Sports,West,Debit Card,1,2437
2024-09-30,O10047,C1065,P113,Home,West,Debit Card,1,2032
2024-03-29,O10048,C1078,P159,Home,West,Cash on Delivery,2,5938
2024-11-11,O10049,C1033,P129,Home,North,Cash on Delivery,5,11140
2024-01-14,O10050,C1035,P134,Home,East,Debit Card,3,7569
2024-08-29,O10051,C1005,P184,Sports,West,Debit Card,3,6387
2024-09-21,O10052,C1038,P136,Electronics,West,Credit Card,2,10722
2024-12-11,O10053,C1041,P104,Home,North,UPI,2,4308
2024-02-22,O10054,C1057,P182,Clothing,West,Cash on Delivery,4,5688
2024-12-05,O10055,C1011,P177,Electronics,North,Debit Card,2,10808
2024-04-01,O10056,C1002,P125,Home,South,Cash on Delivery,2,4490
2024-09-20,O10057,C1017,P161,Electronics,West,Cash on Delivery,3,14712
2024-02-04,O10058,C1039,P103,Clothing,West,Debit Card,4,7372
2024-07-24,O10059,C1020,P188,Home,South,Credit Card,2,5516
2024-03-21,O10060,C1014,P141,Clothing,South,Cash on Delivery,2,3080
2024-02-19,O10061,C1096,P188,Sports,South,Credit Card,4,6640
2024-12-25,O10062,C1098,P117,Home,West,Debit Card,5,13730
2024-01-02,O10063,C1025,P139,Home,East,UPI,4,10804
2024-02-23,O10064,C1007,P171,Home,East,UPI,3,6348
2024-04-15,O10065,C1099,P138,Home,East,Cash on Delivery,5,11350
2024-09-16,O10066,C1093,P113,Sports,West,Debit Card,1,2269
2024-11-05,O10067,C1086,P131,Home,South,Credit Card,4,10764
2024-07-09,O10068,C1041,P150,Electronics,West,Cash on Delivery,3,14958
2024-08-05,O10069,C1043,P137,Home,South,Debit Card,5,14420
2024-02-13,O10070,C1013,P196,Sports,West,Debit Card,4,6684
2024-06-10,O10071,C1077,P122,Home,West,Credit Card,2,5898
2024-07-20,O10072,C1001,P162,Electronics,South,Cash on Delivery,4,19092
2024-09-26,O10073,C1036,P114,Sports,East,Debit Card,1,1758
2024-12-16,O10074,C1068,P196,Sports,South,Debit Card,4,6536
2024-10-30,O10075,C1037,P124,Electronics,North,Debit Card,5,25910
2024-09-27,O10076,C1040,P116,Electronics,North,Credit Card,5,26105
2024-08-02,O10077,C1061,P196,Electronics,South,Cash on Delivery,4,20988
2024-09-08,O10078,C1059,P165,Electronics,West,Cash on Delivery,5,24605
2024-07-08,O10079,C1013,P177,Electronics,North,Cash on Delivery,2,9840
2024-10-22,O10080,C1088,P152,Sports,North,Cash on Delivery,4,6740
2024-07-31,O10081,C1083,P150,Sports,West,UPI,2,4856
2024-07-26,O10082,C1001,P138,Home,West,UPI,2,4726
2024-08-24,O10083,C1069,P150,Home,East,Cash on Delivery,3,8862
2024-12-03,O10084,C1016,P169,Clothing,West,Credit Card,4,6424
2024-02-22,O10085,C1088,P105,Home,South,UPI,5,11885
2024-10-06,O10086,C1027,P166,Home,South,Debit Card,2,5044
2024-08-04,O10087,C1065,P106,Electronics,East,UPI,3,15237
2024-09-08,O10088,C1034,P150,Electronics,North,Debit Card,4,21560
2024-07-06,O10089,C1004,P171,Home,North,Cash on Delivery,4,10884
2024-02-10,O10090,C1064,P141,Clothing,West,UPI,1,1195
2024-06-05,O10091,C1039,P163,Electronics,South,Credit Card,1,5380
2024-01-15,O10092,C1075,P114,Home,North,UPI,2,4194
2024-10-27,O10093,C1055,P128,Home,East,UPI,1,2604
2024-03-05,O10094,C1035,P132,Sports,East,UPI,2,4966
2024-12-10,O10095,C1044,P193,Clothing,South,Cash on Delivery,5,5105
2024-11-22,O10096,C1022,P126,Sports,East,Credit Card,2,3898
2024-01-09,O10097,C1046,P135,Clothing,East,UPI,1,1171
2024-12-09,O10098,C1030,P128,Electronics,South,Credit Card,5,24410
2024-05-08,O10099,C1010,P137,Clothing,West,Cash on Delivery,1,1133
2024-05-15,O10100,C1009,P156,Home,West,Debit Card,2,4850
2024-03-03,O10101,C1066,P196,Home,East,UPI,3,6072
2024-05-18,O10102,C1013,P126,Clothing,West,Credit Card,4,6008
2024-03-21,O10103,C1079,P154,Clothing,West,Credit Card,1,1184
2024-06-11,O10104,C1073,P132,Clothing,East,Cash on Delivery,2,2168
2024-10-15,O10105,C1092,P167,Sports,West,UPI,5,10330
2024-09-17,O10106,C1009,P185,Clothing,East,Debit Card,1,1762
2024-08-18,O10107,C1075,P165,Electronics,North,Credit Card,1,4643
2024-02-10,O10108,C1093,P109,Sports,South,UPI,4,9448
2024-01-28,O10109,C1000,P104,Sports,South,Debit Card,2,4818
2024-05-14,O10110,C1004,P173,Clothing,West,Credit Card,3,5034
2024-07-19,O10111,C1019,P196,Electronics,West,Credit Card,5,24555
2024-11-23,O10112,C1007,P137,Sports,West,Debit Card,2,3446
2024-09-24,O10113,C1042,P112,Home,South,Debit Card,5,11095
2024-02-02,O10114,C1075,P130,Sports,North,Cash on Delivery,1,1678
2024-02-17,O10115,C1000,P146,Clothing,North,UPI,4,6520
2024-03-02,O10116,C1056,P199,Electronics,South,UPI,4,19728
2024-08-03,O10117,C1063,P187,Clothing,North,Cash on Delivery,3,3792
2024-10-19,O10118,C1083,P151,Home,South,Credit Card,4,11812
2024-04-08,O10119,C1027,P155,Home,North,Debit Card,1,2428
2024-06-20,O10120,C1036,P114,Home,East,Debit Card,3,7983
2024-12-25,O10121,C1046,P128,Clothing,East,Debit Card,2,2830
2024-08-01,O10122,C1075,P107,Sports,South,Credit Card,4,7808
2024-02-04,O10123,C1036,P104,Clothing,North,Debit Card,3,5178
2024-08-14,O10124,C1048,P128,Electronics,West,Debit Card,1,4696
2024-04-10,O10125,C1043,P146,Sports,North,Cash on Delivery,5,10265
2024-05-10,O10126,C1055,P167,Home,East,Credit Card,5,10260
2024-09-13,O10127,C1027,P175,Clothing,East,UPI,1,1479
2024-01-05,O10128,C1078,P144,Home,North,Cash on Delivery,1,2442
2024-08-05,O10129,C1005,P101,Home,North,Cash on Delivery,5,11645
2024-09-11,O10130,C1060,P126,Electronics,West,UPI,3,14250
2024-12-24,O10131,C1019,P194,Sports,West,Cash on Delivery,5,11530
2024-10-09,O10132,C1077,P135,Electronics,North,Credit Card,1,5389
2024-07-25,O10133,C1001,P135,Electronics,North,Debit Card,4,21128
2024-01-15,O10134,C1072,P125,Electronics,North,Credit Card,2,10932
2024-12-11,O10135,C1036,P142,Home,North,UPI,4,11696
2024-02-11,O10136,C1019,P126,Electronics,South,UPI,4,18488
2024-06-27,O10137,C1025,P168,Electronics,North,Cash on Delivery,1,5378
2024-03-03,O10138,C1028,P119,Sports,West,Credit Card,5,9430
2024-12-17,O10139,C1000,P110,Sports,East,Credit Card,3,5514
2024-08-18,O10140,C1034,P173,Electronics,South,UPI,4,21108
2024-08-28,O10141,C1069,P137,Sports,North,Credit Card,5,9235
2024-02-21,O10142,C1058,P105,Sports,East,UPI,3,4584
2024-04-05,O10143,C1068,P171,Electronics,South,Credit Card,4,21896
2024-08-09,O10144,C1032,P122,Home,East,Credit Card,3,6102
2024-08-18,O10145,C1050,P146,Electronics,North,Credit Card,5,25085
2024-08-24,O10146,C1077,P189,Sports,North,UPI,2,3790
2024-05-22,O10147,C1011,P145,Home,West,Cash on Delivery,5,13110
2024-06-19,O10148,C1019,P111,Clothing,North,Credit Card,1,1293
2024-01-29,O10149,C1052,P189,Home,North,UPI,3,7764
2024-02-05,O10150,C1087,P112,Sports,South,UPI,2,3696
2024-01-13,O10151,C1042,P161,Home,West,Credit Card,3,6438
2024-06-08,O10152,C1097,P181,Electronics,South,Credit Card,3,13698
2024-11-22,O10153,C1088,P188,Clothing,East,Cash on Delivery,4,7612
2024-07-05,O10154,C1049,P196,Clothing,North,UPI,1,1519
2024-08-30,O10155,C1028,P159,Clothing,East,UPI,3,3363
2024-03-26,O10156,C1056,P142,Sports,South,Debit Card,5,9195
2024-10-10,O10157,C1038,P175,Sports,North,UPI,5,8370
2024-03-06,O10158,C1094,P199,Clothing,North,Cash on Delivery,4,7596
2024-06-18,O10159,C1055,P167,Home,South,Debit Card,1,2690
2024-02-14,O10160,C1042,P104,Clothing,South,Debit Card,1,1596
2024-03-02,O10161,C1049,P136,Home,South,Debit Card,5,12250
2024-05-13,O10162,C1022,P171,Home,South,Credit Card,2,5112
2024-10-10,O10163,C1043,P191,Sports,South,Credit Card,4,6540
2024-01-28,O10164,C1037,P130,Home,North,UPI,4,11416
2024-04-17,O10165,C1083,P108,Clothing,South,Debit Card,5,5075
2024-02-13,O10166,C1022,P150,Sports,North,Cash on Delivery,5,9160
2024-12-05,O10167,C1044,P128,Electronics,North,Credit Card,2,9388
2024-10-12,O10168,C1051,P177,Electronics,South,Cash on Delivery,2,9990
2024-11-26,O10169,C1079,P139,Sports,South,Cash on Delivery,1,1508
2024-05-07,O10170,C1049,P140,Clothing,West,Credit Card,4,7308
2024-12-13,O10171,C1007,P185,Electronics,North,Credit Card,4,19332
2024-08-18,O10172,C1084,P110,Electronics,South,Credit Card,5,24160
2024-07-08,O10173,C1000,P122,Home,South,Credit Card,1,2326
2024-08-12,O10174,C1007,P100,Home,South,Debit Card,4,8056
2024-10-09,O10175,C1028,P145,Clothing,West,Debit Card,1,1838
2024-04-30,O10176,C1095,P120,Sports,West,Debit Card,1,2113
2024-04-25,O10177,C1004,P189,Clothing,East,Debit Card,5,6125
2024-08-20,O10178,C1085,P135,Sports,North,UPI,1,1924
2024-09-15,O10179,C1046,P153,Electronics,East,Debit Card,2,10578
2024-12-24,O10180,C1033,P186,Home,South,Credit Card,2,4814
2024-07-16,O10181,C1064,P156,Clothing,West,Cash on Delivery,3,3336
2024-05-16,O10182,C1054,P100,Clothing,West,Debit Card,5,9980
2024-11-13,O10183,C1089,P162,Sports,East,UPI,3,5781
2024-06-13,O10184,C1042,P153,Sports,West,Credit Card,2,3000
2024-08-12,O10185,C1073,P154,Clothing,South,Cash on Delivery,3,3795
2024-11-02,O10186,C1029,P139,Sports,West,Cash on Delivery,5,9950
2024-08-21,O10187,C1081,P114,Clothing,East,Debit Card,5,6035
2024-06-20,O10188,C1016,P120,Clothing,South,Cash on Delivery,1,1621
2024-05-31,O10189,C1025,P146,Clothing,East,Debit Card,4,6844
2024-11-10,O10190,C1007,P172,Electronics,West,Debit Card,1,5451
2024-06-08,O10191,C1046,P152,Sports,East,Credit Card,5,9340
2024-04-05,O10192,C1075,P108,Home,East,Credit Card,2,5968
2024-08-20,O10193,C1090,P173,Home,North,UPI,2,4610
2024-06-28,O10194,C1071,P151,Sports,West,Credit Card,1,1511
2024-04-22,O10195,C1088,P156,Clothing,West,Credit Card,5,6720
2024-11-13,O10196,C1045,P125,Home,East,Debit Card,2,4928
2024-02-21,O10197,C1067,P140,Home,North,Credit Card,5,13495
2024-09-24,O10198,C1032,P134,Sports,West,Debit Card,2,4330
2024-10-21,O10199,C1000,P162,Home,South,Debit Card,5,12465
2024-04-22,O10200,C1018,P124,Clothing,East,Credit Card,3,4101
2024-04-10,O10201,C1030,P189,Sports,West,UPI,5,11725
2024-04-22,O10202,C1079,P174,Clothing,South,UPI,5,9680
2024-03-21,O10203,C1013,P137,Home,West,Cash on Delivery,1,2419
2024-07-05,O10204,C1052,P101,Home,South,Cash on Delivery,3,8664
2024-04-22,O10205,C1047,P106,Clothing,East,Credit Card,4,7160
2024-01-02,O10206,C1068,P181,Electronics,West,UPI,1,4670
2024-05-09,O10207,C1089,P190,Home,West,Debit Card,4,8532
2024-08-07,O10208,C1061,P133,Electronics,North,Cash on Delivery,2,10928
2024-02-23,O10209,C1091,P190,Home,East,Debit Card,4,9704
2024-12-08,O10210,C1065,P116,Electronics,South,Cash on Delivery,5,22620
2024-08-11,O10211,C1063,P142,Electronics,West,Credit Card,4,20116
2024-08-12,O10212,C1069,P158,Electronics,West,UPI,1,4689
2024-05-05,O10213,C1062,P150,Clothing,South,Cash on Delivery,1,1140
2024-05-09,O10214,C1072,P153,Electronics,East,UPI,4,20216
2024-02-22,O10215,C1032,P123,Electronics,North,Debit Card,1,5345
2024-06-20,O10216,C1040,P124,Electronics,North,Credit Card,1,5295
2024-08-05,O10217,C1088,P170,Home,West,UPI,4,10628
2024-06-08,O10218,C1047,P151,Electronics,South,Credit Card,3,14442
2024-07-16,O10219,C1012,P169,Home,West,UPI,3,7329
2024-09-03,O10220,C1072,P187,Electronics,South,Debit Card,2,9636
2024-11-19,O10221,C1076,P132,Electronics,North,Debit Card,1,4940
2024-07-21,O10222,C1030,P148,Clothing,East,Credit Card,4,4364
2024-07-02,O10223,C1074,P128,Home,South,Debit Card,1,2178
2024-05-02,O10224,C1067,P162,Electronics,North,Cash on Delivery,5,22775
2024-09-11,O10225,C1097,P121,Home,West,UPI,1,2154
2024-10-20,O10226,C1003,P125,Home,South,Debit Card,1,2671
2024-10-06,O10227,C1018,P127,Sports,East,Cash on Delivery,3,4830
2024-11-20,O10228,C1069,P184,Clothing,West,Credit Card,4,4544
2024-04-07,O10229,C1097,P148,Clothing,West,Cash on Delivery,1,1231
2024-07-16,O10230,C1081,P170,Clothing,North,Credit Card,3,5973
2024-08-27,O10231,C1012,P180,Sports,South,Credit Card,2,3934
2024-05-23,O10232,C1022,P183,Sports,West,UPI,3,6693
2024-04-06,O10233,C1082,P148,Clothing,East,UPI,3,4440
2024-07-19,O10234,C1074,P119,Sports,South,Cash on Delivery,3,4701
2024-05-03,O10235,C1000,P185,Sports,East,UPI,1,2313
2024-07-05,O10236,C1087,P191,Sports,West,UPI,1,1748
2024-11-21,O10237,C1053,P162,Clothing,East,UPI,2,3986
2024-12-14,O10238,C1070,P160,Clothing,North,Cash on Delivery,5,6610
2024-09-15,O10239,C1088,P148,Clothing,East,Debit Card,5,9605
2024-05-27,O10240,C1084,P170,Sports,South,UPI,5,12015
2024-09-08,O10241,C1014,P100,Clothing,East,UPI,2,3034
2024-12-11,O10242,C1064,P195,Sports,East,Cash on Delivery,5,12375
2024-05-26,O10243,C1075,P112,Electronics,North,Debit Card,5,26455
2024-05-27,O10244,C1070,P193,Sports,East,UPI,3,5793
2024-12-17,O10245,C1014,P186,Home,East,Credit Card,1,2486
2024-07-17,O10246,C1020,P150,Clothing,West,Cash on Delivery,1,1605
2024-11-03,O10247,C1018,P155,Clothing,West,UPI,3,4284
2024-05-07,O10248,C1059,P182,Home,South,UPI,3,6804
2024-02-08,O10249,C1092,P161,Sports,West,Credit Card,3,6624
2024-12-03,O10250,C1088,P131,Electronics,West,Credit Card,1,5036
2024-12-25,O10251,C1032,P129,Home,West,Cash on Delivery,5,10735
2024-05-08,O10252,C1048,P128,Home,West,Cash on Delivery,3,6351
2024-09-23,O10253,C1095,P148,Sports,North,Credit Card,2,4698
2024-05-30,O10254,C1034,P144,Clothing,West,Cash on Delivery,3,4098
2024-10-24,O10255,C1043,P192,Sports,North,Credit Card,4,9396
2024-04-08,O10256,C1089,P129,Home,North,UPI,3,6195
2024-09-19,O10257,C1010,P115,Home,West,Credit Card,1,2969
2024-09-08,O10258,C1098,P139,Clothing,East,Credit Card,3,5436
2024-05-23,O10259,C1071,P118,Clothing,North,Debit Card,4,5476
2024-12-11,O10260,C1077,P117,Clothing,East,Credit Card,2,2348
2024-04-21,O10261,C1073,P100,Sports,East,Credit Card,5,11650
2024-02-29,O10262,C1065,P177,Clothing,West,Debit Card,3,4761
2024-01-02,O10263,C1045,P146,Home,South,Cash on Delivery,4,9976
2024-10-30,O10264,C1008,P165,Home,West,Debit Card,4,11888
2024-09-10,O10265,C1002,P191,Electronics,South,UPI,2,9226
2024-05-19,O10266,C1084,P193,Sports,South,Debit Card,1,1610
2024-02-06,O10267,C1025,P137,Electronics,West,UPI,3,15780
2024-06-08,O10268,C1071,P150,Home,West,Cash on Delivery,4,9752
2024-01-09,O10269,C1047,P162,Electronics,South,Debit Card,2,10428
2024-08-20,O10270,C1065,P103,Home,West,Debit Card,5,10730
2024-04-08,O10271,C1069,P100,Electronics,South,Cash on Delivery,4,18136
2024-05-26,O10272,C1027,P107,Clothing,East,UPI,2,3996
2024-10-30,O10273,C1092,P128,Electronics,West,Debit Card,1,4808
2024-07-26,O10274,C1025,P154,Clothing,East,UPI,1,1537
2024-05-10,O10275,C1024,P102,Clothing,North,Debit Card,4,6996
2024-05-31,O10276,C1011,P131,Sports,East,Credit Card,4,6052
2024-02-23,O10277,C1004,P109,Clothing,East,Debit Card,3,4119
2024-04-29,O10278,C1097,P173,Clothing,South,Cash on Delivery,2,3112
2024-06-09,O10279,C1047,P182,Electronics,East,Cash on Delivery,4,19708
2024-04-25,O10280,C1036,P133,Home,West,UPI,3,8181
2024-03-15,O10281,C1078,P196,Sports,South,Debit Card,3,5196
2024-04-22,O10282,C1043,P186,Clothing,North,UPI,4,6816
2024-04-13,O10283,C1099,P154,Sports,West,UPI,1,2062
2024-12-05,O10284,C1014,P191,Electronics,North,Credit Card,2,10876
2024-09-10,O10285,C1042,P131,Clothing,East,Credit Card,2,3772
2024-08-14,O10286,C1047,P149,Electronics,West,Cash on Delivery,1,5225
2024-04-21,O10287,C1086,P106,Sports,West,UPI,4,8648
2024-04-08,O10288,C1069,P192,Electronics,North,Cash on Delivery,2,9878
2024-06-01,O10289,C1045,P107,Sports,West,Debit Card,4,8004
2024-12-14,O10290,C1042,P164,Electronics,West,UPI,4,19096
2024-12-03,O10291,C1020,P156,Sports,West,UPI,3,7047
2024-07-12,O10292,C1022,P166,Home,East,Debit Card,1,2075
2024-11-05,O10293,C1079,P187,Electronics,North,Debit Card,4,19752
2024-06-11,O10294,C1046,P186,Electronics,West,Cash on Delivery,5,26155
2024-07-26,O10295,C1014,P158,Home,South,Cash on Delivery,1,2859
2024-06-17,O10296,C1024,P171,Home,South,Debit Card,2,5910
2024-06-09,O10297,C1035,P153,Electronics,South,Cash on Delivery,3,15594
2024-03-08,O10298,C1074,P166,Home,South,Debit Card,2,4576
2024-10-15,O10299,C1050,P150,Clothing,East,UPI,2,3828
2024-10-03,O10300,C1014,P196,Sports,West,UPI,1,2039
2024-10-30,O10301,C1067,P191,Sports,North,Credit Card,2,4780
2024-05-14,O10302,C1020,P107,Sports,West,UPI,4,8764
2024-07-13,O10303,C1012,P133,Clothing,East,Debit Card,2,2504
2024-05-07,O10304,C1085,P134,Home,South,Cash on Delivery,3,6375
2024-02-02,O10305,C1018,P195,Home,East,Credit Card,3,6528
2024-06-24,O10306,C1033,P187,Electronics,West,Cash on Delivery,5,22680
2024-01-22,O10307,C1077,P177,Home,North,Debit Card,3,7227
2024-08-25,O10308,C1067,P131,Electronics,East,UPI,2,10220
2024-06-06,O10309,C1051,P145,Clothing,North,Credit Card,3,4827
2024-02-07,O10310,C1026,P115,Sports,East,Debit Card,1,1626
2024-08-17,O10311,C1028,P167,Sports,North,Credit Card,3,5946
2024-12-30,O10312,C1027,P136,Sports,North,Credit Card,4,6668
2024-02-20,O10313,C1034,P153,Home,South,UPI,1,2591
2024-09-20,O10314,C1007,P184,Electronics,North,Debit Card,5,23965
2024-10-09,O10315,C1015,P113,Electronics,South,Cash on Delivery,4,21376
2024-01-27,O10316,C1035,P194,Clothing,West,Credit Card,2,3274
2024-08-13,O10317,C1029,P154,Home,West,Credit Card,2,4684
2024-10-03,O10318,C1017,P147,Clothing,South,Cash on Delivery,2,2618
2024-10-12,O10319,C1001,P181,Electronics,South,Debit Card,4,20644
2024-04-06,O10320,C1048,P106,Electronics,East,Credit Card,4,20108
2024-10-10,O10321,C1076,P173,Sports,East,Credit Card,4,8156
2024-11-12,O10322,C1003,P106,Home,East,Credit Card,1,2418
2024-10-30,O10323,C1089,P132,Electronics,West,Debit Card,1,4943
2024-05-26,O10324,C1088,P122,Sports,East,Debit Card,2,4368
2024-01-04,O10325,C1093,P184,Home,North,Cash on Delivery,3,7671
2024-02-04,O10326,C1074,P118,Clothing,North,Debit Card,2,3678
2024-07-10,O10327,C1006,P118,Home,East,Debit Card,5,11175
2024-02-18,O10328,C1094,P135,Home,North,UPI,1,2438
2024-01-17,O10329,C1073,P128,Electronics,West,Cash on Delivery,4,18852
2024-06-20,O10330,C1038,P159,Electronics,North,Credit Card,1,4584
2024-08-07,O10331,C1012,P181,Home,West,Debit Card,4,11172
2024-06-06,O10332,C1030,P101,Electronics,South,Credit Card,5,26215
2024-02-15,O10333,C1070,P100,Electronics,South,Credit Card,5,22920
2024-01-06,O10334,C1062,P146,Electronics,South,UPI,1,5420
2024-04-08,O10335,C1055,P168,Sports,South,Debit Card,4,7952
2024-08-20,O10336,C1041,P119,Sports,North,Cash on Delivery,5,7820
2024-02-06,O10337,C1060,P110,Home,East,Debit Card,2,5290
2024-10-06,O10338,C1041,P101,Electronics,North,Credit Card,2,10324
2024-12-14,O10339,C1055,P166,Sports,West,Cash on Delivery,4,8504
2024-10-28,O10340,C1035,P186,Home,North,Debit Card,1,2063
2024-06-29,O10341,C1083,P111,Electronics,North,Credit Card,5,24210
2024-04-04,O10342,C1067,P119,Clothing,West,Credit Card,1,1938
2024-04-08,O10343,C1006,P104,Electronics,South,UPI,2,10748
2024-07-06,O10344,C1053,P136,Electronics,South,UPI,5,27090
2024-04-25,O10345,C1000,P137,Sports,South,UPI,1,1851
2024-07-09,O10346,C1043,P193,Home,East,Credit Card,3,6471
2024-09-09,O10347,C1044,P108,Home,West,Debit Card,4,10352
2024-06-09,O10348,C1046,P197,Sports,West,UPI,4,7960
2024-09-12,O10349,C1012,P152,Electronics,North,Debit Card,3,15471
2024-11-18,O10350,C1021,P143,Clothing,East,UPI,2,3708
2024-05-07,O10351,C1020,P198,Electronics,South,Cash on Delivery,5,24810
2024-01-18,O10352,C1085,P185,Electronics,East,Cash on Delivery,4,18896
2024-10-07,O10353,C1091,P123,Clothing,West,UPI,3,5748
2024-08-10,O10354,C1008,P180,Sports,West,Credit Card,3,5436
2024-02-23,O10355,C1025,P173,Home,North,UPI,2,5228
2024-02-27,O10356,C1008,P129,Sports,North,UPI,2,4836
2024-11-18,O10357,C1014,P158,Sports,West,Credit Card,1,2358
2024-12-25,O10358,C1009,P186,Electronics,South,Cash on Delivery,4,21248
2024-06-22,O10359,C1087,P195,Home,South,Debit Card,1,2939
2024-10-06,O10360,C1041,P180,Home,East,UPI,3,7395
2024-04-23,O10361,C1071,P180,Sports,West,Credit Card,5,7935
2024-10-14,O10362,C1023,P113,Clothing,West,UPI,5,9410
2024-12-07,O10363,C1079,P108,Sports,South,Credit Card,2,3604
2024-05-30,O10364,C1048,P139,Clothing,South,Debit Card,5,8395
2024-05-06,O10365,C1025,P165,Home,West,Debit Card,5,12170
2024-06-03,O10366,C1090,P124,Sports,North,Cash on Delivery,5,10905
2024-09-29,O10367,C1036,P172,Electronics,West,Credit Card,3,13902
2024-04-13,O10368,C1067,P121,Sports,West,Credit Card,5,7745
2024-10-25,O10369,C1049,P103,Home,South,Cash on Delivery,5,12155
2024-09-02,O10370,C1023,P125,Electronics,South,Cash on Delivery,5,24195
2024-06-24,O10371,C1018,P157,Electronics,North,Credit Card,1,4846
2024-02-08,O10372,C1099,P128,Clothing,North,Cash on Delivery,3,4935
2024-06-18,O10373,C1059,P197,Electronics,East,Debit Card,2,9692
2024-09-03,O10374,C1038,P186,Electronics,West,UPI,1,5148
2024-01-26,O10375,C1073,P136,Sports,South,Debit Card,4,6976
2024-12-20,O10376,C1088,P174,Home,North,Cash on Delivery,3,6324
2024-11-01,O10377,C1017,P169,Clothing,East,Credit Card,3,5472
2024-01-13,O10378,C1018,P117,Sports,East,Credit Card,4,9192
2024-11-11,O10379,C1035,P184,Electronics,South,Debit Card,4,20128
2024-11-08,O10380,C1073,P141,Electronics,South,Credit Card,4,18356
2024-02-05,O10381,C1096,P199,Clothing,East,Cash on Delivery,2,2590
2024-06-21,O10382,C1054,P140,Home,North,Debit Card,5,10555
2024-01-20,O10383,C1068,P137,Clothing,East,Credit Card,3,5436
2024-11-16,O10384,C1046,P133,Sports,West,UPI,5,10440
2024-09-20,O10385,C1048,P116,Clothing,West,UPI,5,5880
2024-05-21,O10386,C1098,P136,Electronics,South,Cash on Delivery,4,19368
2024-05-22,O10387,C1097,P124,Sports,North,Credit Card,2,4318
2024-04-01,O10388,C1032,P175,Electronics,North,Cash on Delivery,1,4600
2024-12-19,O10389,C1020,P186,Home,West,Debit Card,2,5514
2024-11-17,O10390,C1080,P185,Electronics,East,UPI,5,25640
2024-10-14,O10391,C1021,P184,Electronics,South,Debit Card,2,10206
2024-08-02,O10392,C1047,P126,Clothing,East,Credit Card,4,5600
2024-12-07,O10393,C1036,P156,Electronics,East,Cash on Delivery,1,4527
2024-02-20,O10394,C1014,P130,Sports,East,Cash on Delivery,4,9744
2024-06-01,O10395,C1034,P105,Sports,North,Cash on Delivery,1,2461
2024-07-04,O10396,C1091,P190,Home,West,Debit Card,5,12680
2024-03-03,O10397,C1070,P139,Sports,North,UPI,1,1557
2024-07-08,O10398,C1031,P197,Clothing,West,Debit Card,1,1497
2024-05-04,O10399,C1010,P111,Home,South,Debit Card,1,2296
2024-05-29,O10400,C1009,P152,Sports,South,Credit Card,2,3266
2024-11-09,O10401,C1072,P170,Clothing,East,Credit Card,2,2660
2024-02-27,O10402,C1077,P109,Sports,West,Credit Card,5,8740
2024-12-07,O10403,C1076,P144,Sports,West,UPI,1,2049
2024-10-31,O10404,C1056,P116,Electronics,West,UPI,3,16203
2024-06-28,O10405,C1024,P125,Sports,East,Credit Card,5,12200
2024-06-18,O10406,C1001,P184,Sports,East,Credit Card,1,1574
2024-11-21,O10407,C1063,P191,Clothing,South,UPI,1,1653
2024-09-27,O10408,C1034,P161,Clothing,North,Cash on Delivery,2,3666
2024-02-23,O10409,C1006,P145,Electronics,West,UPI,5,23335
2024-04-10,O10410,C1084,P163,Sports,West,UPI,1,2270
2024-09-20,O10411,C1017,P101,Electronics,North,UPI,1,5002
2024-02-22,O10412,C1066,P153,Sports,West,Credit Card,5,11920
2024-02-29,O10413,C1041,P164,Home,East,Cash on Delivery,3,7062
2024-04-17,O10414,C1038,P150,Home,East,UPI,5,11120
2024-01-05,O10415,C1040,P152,Electronics,West,Credit Card,5,25815
2024-04-12,O10416,C1074,P135,Electronics,East,Debit Card,3,15090
2024-07-14,O10417,C1023,P125,Electronics,East,Debit Card,5,23225
2024-09-18,O10418,C1059,P128,Clothing,West,UPI,1,1959
2024-12-30,O10419,C1045,P120,Clothing,South,Debit Card,5,6200
2024-12-15,O10420,C1018,P110,Clothing,North,Cash on Delivery,3,5649
2024-02-16,O10421,C1067,P139,Electronics,East,Debit Card,4,21568
2024-12-20,O10422,C1089,P110,Sports,South,Debit Card,5,9215
2024-11-06,O10423,C1041,P135,Home,East,Cash on Delivery,2,5496
2024-11-03,O10424,C1031,P158,Electronics,East,UPI,1,4534
2024-05-23,O10425,C1038,P138,Clothing,North,UPI,1,1701
2024-09-25,O10426,C1035,P198,Clothing,East,Cash on Delivery,2,2000
2024-05-03,O10427,C1096,P153,Electronics,North,Cash on Delivery,2,10990
2024-04-15,O10428,C1035,P197,Electronics,North,Cash on Delivery,5,23260
2024-06-06,O10429,C1002,P154,Clothing,North,Debit Card,2,2856
2024-05-26,O10430,C1072,P123,Sports,South,Cash on Delivery,4,9776
2024-05-24,O10431,C1007,P121,Clothing,West,Credit Card,3,4521
2024-04-29,O10432,C1096,P168,Clothing,South,Debit Card,2,2250
2024-11-14,O10433,C1069,P155,Electronics,West,UPI,2,9980
2024-10-01,O10434,C1040,P132,Sports,West,UPI,4,7924
2024-04-01,O10435,C1067,P135,Clothing,North,UPI,1,1344
2024-02-27,O10436,C1012,P119,Clothing,East,Debit Card,1,1911
2024-12-11,O10437,C1048,P182,Home,North,Credit Card,5,13685
2024-08-16,O10438,C1059,P198,Electronics,East,Cash on Delivery,4,18880
2024-04-26,O10439,C1001,P180,Home,West,Cash on Delivery,3,8742
2024-11-13,O10440,C1059,P161,Home,North,UPI,3,8754
2024-10-05,O10441,C1004,P197,Clothing,East,UPI,4,6888
2024-05-06,O10442,C1043,P172,Electronics,South,Debit Card,3,13572
2024-05-08,O10443,C1026,P125,Sports,East,Credit Card,1,2027
2024-02-27,O10444,C1031,P165,Clothing,North,Cash on Delivery,3,3543
2024-05-01,O10445,C1020,P172,Sports,South,Debit Card,3,5994
2024-01-01,O10446,C1007,P172,Sports,East,Cash on Delivery,4,9360
2024-08-26,O10447,C1071,P139,Electronics,East,UPI,4,20560
2024-10-16,O10448,C1049,P116,Home,East,Cash on Delivery,3,6123
2024-04-05,O10449,C1066,P100,Electronics,East,Credit Card,2,10828
2024-05-05,O10450,C1043,P188,Sports,East,Credit Card,4,7920
2024-04-27,O10451,C1057,P160,Clothing,South,UPI,5,9645
2024-02-17,O10452,C1002,P142,Sports,West,Credit Card,5,11735
2024-03-29,O10453,C1085,P141,Clothing,South,Credit Card,1,1747
2024-08-24,O10454,C1069,P124,Clothing,South,Debit Card,3,5613
2024-09-28,O10455,C1001,P138,Electronics,South,Cash on Delivery,2,9876
2024-07-07,O10456,C1086,P134,Sports,West,UPI,1,1901
2024-07-10,O10457,C1043,P102,Home,North,UPI,3,7635
2024-03-09,O10458,C1001,P143,Sports,West,UPI,4,7376
2024-10-04,O10459,C1080,P150,Sports,South,UPI,5,11960
2024-12-14,O10460,C1034,P193,Home,East,UPI,2,4088
2024-09-03,O10461,C1097,P197,Electronics,East,Credit Card,5,25725
2024-03-16,O10462,C1086,P111,Sports,South,Debit Card,4,6080
2024-06-02,O10463,C1029,P118,Sports,East,UPI,3,6399
2024-05-23,O10464,C1007,P143,Clothing,South,Debit Card,4,4276
2024-03-26,O10465,C1021,P158,Sports,East,Debit Card,4,9452
2024-07-03,O10466,C1043,P148,Home,West,Credit Card,5,14360
2024-10-11,O10467,C1057,P160,Clothing,North,UPI,2,2094
2024-08-07,O10468,C1035,P116,Electronics,North,Credit Card,4,19960
2024-03-09,O10469,C1068,P173,Clothing,West,UPI,5,7750
2024-02-16,O10470,C1076,P156,Home,West,Credit Card,2,4572
2024-04-03,O10471,C1092,P154,Home,South,Debit Card,3,6027
2024-08-25,O10472,C1030,P146,Clothing,South,UPI,3,4623
2024-07-22,O10473,C1046,P111,Electronics,South,Cash on Delivery,1,5255
2024-08-05,O10474,C1054,P161,Clothing,East,Debit Card,5,6365
2024-12-06,O10475,C1079,P179,Electronics,South,Cash on Delivery,2,10910
2024-02-08,O10476,C1061,P187,Clothing,West,Debit Card,4,6396
2024-04-09,O10477,C1029,P182,Home,North,Credit Card,3,8265
2024-10-15,O10478,C1054,P107,Sports,East,UPI,2,3760
2024-09-10,O10479,C1015,P194,Sports,South,Debit Card,5,9140
2024-08-09,O10480,C1011,P120,Electronics,East,Credit Card,1,4978
2024-12-22,O10481,C1016,P180,Electronics,East,UPI,3,13542
2024-01-23,O10482,C1015,P186,Electronics,South,UPI,2,10030
2024-09-06,O10483,C1011,P179,Home,East,Debit Card,2,4380
2024-01-10,O10484,C1007,P169,Clothing,North,UPI,2,2334
2024-09-02,O10485,C1083,P171,Home,West,Debit Card,5,12600
2024-11-20,O10486,C1002,P124,Sports,West,UPI,5,10600
2024-04-09,O10487,C1015,P181,Electronics,North,Cash on Delivery,5,23180
2024-10-16,O10488,C1029,P188,Clothing,East,Credit Card,4,4612
2024-06-28,O10489,C1022,P111,Sports,South,Cash on Delivery,2,3774
2024-08-10,O10490,C1091,P114,Sports,East,Debit Card,3,5124
2024-09-06,O10491,C1004,P158,Sports,North,Cash on Delivery,5,8855
2024-05-26,O10492,C1083,P125,Home,East,Debit Card,5,10710
2024-04-05,O10493,C1064,P125,Electronics,West,UPI,2,10220
2024-09-13,O10494,C1029,P146,Sports,East,UPI,5,11940
2024-11-20,O10495,C1020,P131,Electronics,North,Debit Card,4,21276
2024-01-04,O10496,C1083,P109,Home,West,Cash on Delivery,4,8272
2024-01-16,O10497,C1069,P115,Sports,East,UPI,5,8730
2024-10-06,O10498,C1021,P170,Home,East,Credit Card,2,4520
2024-12-01,O10499,C1081,P116,Home,West,UPI,2,5574
2024-09-03,O10500,C1071,P122,Electronics,South,Credit Card,2,9156
2024-09-14,O10501,C1031,P125,Sports,West,Cash on Delivery,1,2157
2024-06-08,O10502,C1032,P184,Home,South,Credit Card,5,13110
2024-12-05,O10503,C1015,P185,Sports,North,Credit Card,2,4538
2024-05-31,O10504,C1075,P106,Electronics,North,Credit Card,4,20416
2024-06-26,O10505,C1037,P113,Home,West,Credit Card,3,7572
2024-06-11,O10506,C1097,P178,Electronics,West,UPI,3,15813
2024-02-02,O10507,C1013,P106,Sports,North,Credit Card,2,4874
2024-06-27,O10508,C1035,P108,Sports,South,UPI,3,6360
2024-04-10,O10509,C1096,P147,Electronics,North,Credit Card,3,14487
2024-09-24,O10510,C1022,P171,Clothing,West,Debit Card,1,1188
2024-11-18,O10511,C1065,P158,Home,North,Cash on Delivery,4,8376
2024-03-05,O10512,C1084,P186,Sports,West,Credit Card,4,8464
2024-06-16,O10513,C1001,P192,Sports,West,Debit Card,1,1507
2024-11-25,O10514,C1090,P181,Home,North,Credit Card,1,2066
2024-02-12,O10515,C1072,P194,Electronics,South,Credit Card,3,14985
2024-02-13,O10516,C1064,P193,Electronics,East,Credit Card,5,23450
2024-10-11,O10517,C1074,P138,Electronics,North,Debit Card,3,14595
2024-01-12,O10518,C1066,P198,Clothing,East,Cash on Delivery,1,1767
2024-04-04,O10519,C1051,P117,Clothing,North,Debit Card,4,6080
2024-10-28,O10520,C1061,P158,Sports,East,Cash on Delivery,3,7467
2024-09-09,O10521,C1022,P116,Electronics,South,Credit Card,5,23080
2024-08-29,O10522,C1025,P113,Home,South,UPI,3,6798
2024-02-04,O10523,C1067,P130,Sports,North,Credit Card,2,4220
2024-08-02,O10524,C1081,P123,Home,West,Cash on Delivery,3,7452
2024-12-02,O10525,C1054,P198,Sports,East,Debit Card,1,2008
2024-03-30,O10526,C1005,P159,Clothing,West,Credit Card,4,5188
2024-09-20,O10527,C1034,P144,Sports,West,Debit Card,4,9632
2024-04-02,O10528,C1021,P197,Clothing,West,Debit Card,1,1163
2024-03-30,O10529,C1042,P102,Sports,South,Debit Card,2,3750
2024-04-24,O10530,C1014,P136,Electronics,North,Credit Card,1,5152
2024-04-14,O10531,C1085,P142,Home,North,Debit Card,3,6801
2024-07-14,O10532,C1059,P139,Electronics,South,Debit Card,1,5048
2024-11-09,O10533,C1011,P189,Sports,South,Credit Card,1,1573
2024-04-23,O10534,C1048,P154,Sports,North,Debit Card,2,4014
2024-03-15,O10535,C1041,P186,Sports,West,Credit Card,3,4716
2024-08-04,O10536,C1037,P138,Clothing,East,Cash on Delivery,5,6535
2024-10-03,O10537,C1081,P114,Home,East,Cash on Delivery,5,10990
2024-09-05,O10538,C1044,P103,Home,East,Cash on Delivery,4,8516
2024-06-12,O10539,C1034,P192,Sports,West,Debit Card,1,2257
2024-12-22,O10540,C1029,P185,Sports,North,UPI,4,9292
2024-07-10,O10541,C1087,P124,Clothing,South,UPI,2,3142
2024-08-14,O10542,C1029,P112,Electronics,North,Debit Card,5,26450
2024-06-25,O10543,C1077,P181,Electronics,West,UPI,1,5114
2024-04-08,O10544,C1005,P132,Home,South,Credit Card,2,5614
2024-02-05,O10545,C1066,P115,Clothing,West,UPI,2,3662
2024-04-05,O10546,C1079,P141,Sports,East,Debit Card,1,1986
2024-05-31,O10547,C1006,P165,Home,East,Debit Card,2,5704
2024-05-30,O10548,C1051,P154,Clothing,West,Credit Card,1,1150
2024-07-08,O10549,C1013,P198,Electronics,South,Cash on Delivery,1,5168
2024-08-11,O10550,C1072,P141,Clothing,South,Debit Card,3,3615
2024-02-06,O10551,C1014,P133,Electronics,North,Credit Card,4,21940
2024-09-24,O10552,C1020,P129,Clothing,East,UPI,2,2356
2024-07-01,O10553,C1034,P112,Home,North,UPI,2,4392
2024-01-13,O10554,C1065,P112,Electronics,North,Credit Card,3,15702
2024-10-05,O10555,C1090,P117,Home,West,Credit Card,3,6264
2024-08-04,O10556,C1001,P131,Home,West,Debit Card,3,8394
2024-12-20,O10557,C1034,P195,Electronics,North,UPI,5,24665
2024-12-26,O10558,C1081,P198,Electronics,East,Credit Card,5,26435
2024-10-12,O10559,C1077,P138,Sports,West,UPI,5,11235
2024-09-29,O10560,C1019,P145,Sports,North,Credit Card,1,1682
2024-03-02,O10561,C1081,P128,Sports,North,UPI,2,3416
2024-03-24,O10562,C1009,P161,Home,North,Cash on Delivery,4,9968
2024-08-04,O10563,C1024,P192,Home,North,Debit Card,1,2129
2024-12-07,O10564,C1065,P161,Sports,North,UPI,2,4328
2024-07-05,O10565,C1024,P156,Home,North,Cash on Delivery,2,4024
2024-01-19,O10566,C1053,P115,Home,West,UPI,3,7899
2024-06-25,O10567,C1032,P155,Electronics,East,UPI,3,16110
2024-04-09,O10568,C1035,P109,Electronics,North,Cash on Delivery,1,5231
2024-08-20,O10569,C1094,P129,Home,South,UPI,3,6315
2024-03-16,O10570,C1013,P124,Sports,West,UPI,2,3748
2024-09-21,O10571,C1064,P183,Clothing,West,Debit Card,3,4743
2024-10-10,O10572,C1079,P104,Sports,North,Cash on Delivery,5,11030
2024-07-24,O10573,C1053,P164,Clothing,West,Cash on Delivery,3,5091
2024-08-10,O10574,C1051,P193,Sports,North,Credit Card,2,3196
2024-02-21,O10575,C1002,P148,Electronics,East,UPI,1,5093
2024-12-04,O10576,C1098,P102,Home,East,Debit Card,4,10344
2024-05-23,O10577,C1040,P144,Home,West,UPI,3,8655
2024-03-09,O10578,C1005,P113,Electronics,West,UPI,2,10702
2024-04-08,O10579,C1024,P129,Clothing,South,Credit Card,4,4764
2024-01-25,O10580,C1012,P167,Clothing,West,UPI,4,5296
2024-02-22,O10581,C1097,P117,Clothing,South,Debit Card,5,9890
2024-05-30,O10582,C1007,P161,Electronics,East,Debit Card,4,20900
2024-05-23,O10583,C1020,P136,Clothing,East,Credit Card,2,3652
2024-02-26,O10584,C1097,P124,Electronics,North,UPI,2,10910
2024-02-08,O10585,C1067,P147,Sports,East,Debit Card,3,5898
2024-04-18,O10586,C1024,P164,Sports,South,UPI,3,7179
2024-06-29,O10587,C1078,P152,Electronics,West,UPI,3,14598
2024-02-11,O10588,C1067,P178,Home,North,UPI,4,9268
2024-07-04,O10589,C1044,P172,Sports,South,Credit Card,4,6572
2024-08-10,O10590,C1059,P114,Clothing,West,UPI,5,6915
2024-05-01,O10591,C1011,P148,Electronics,North,Debit Card,3,14145
2024-05-12,O10592,C1031,P187,Clothing,East,UPI,1,1360
2024-06-11,O10593,C1095,P167,Clothing,South,Debit Card,5,6615
2024-08-02,O10594,C1091,P111,Home,West,UPI,1,2014
2024-08-08,O10595,C1012,P158,Clothing,North,Debit Card,4,4864
2024-08-22,O10596,C1030,P136,Home,North,Debit Card,5,12455
2024-11-26,O10597,C1077,P160,Sports,East,UPI,5,12250
2024-05-25,O10598,C1019,P142,Electronics,West,UPI,2,10092
2024-08-26,O10599,C1017,P169,Clothing,East,Debit Card,4,4728
2024-03-16,O10600,C1092,P138,Electronics,East,Cash on Delivery,4,19076
2024-01-09,O10601,C1059,P155,Clothing,West,Credit Card,5,9720
2024-03-14,O10602,C1062,P162,Electronics,West,Cash on Delivery,4,19864
2024-09-09,O10603,C1005,P145,Clothing,West,Cash on Delivery,5,9345
2024-08-17,O10604,C1031,P187,Clothing,South,UPI,2,3222
2024-01-07,O10605,C1092,P110,Clothing,West,Credit Card,5,7590
2024-06-22,O10606,C1042,P161,Clothing,North,Cash on Delivery,4,6164
2024-05-20,O10607,C1001,P176,Clothing,East,UPI,4,5864
2024-06-16,O10608,C1059,P197,Clothing,South,Cash on Delivery,5,6520
2024-06-18,O10609,C1022,P124,Clothing,West,Cash on Delivery,5,9920
2024-10-09,O10610,C1082,P170,Clothing,South,UPI,5,5715
2024-05-01,O10611,C1030,P151,Clothing,West,UPI,3,3330
2024-07-12,O10612,C1004,P103,Electronics,South,UPI,4,18924
2024-01-05,O10613,C1082,P158,Home,East,Credit Card,4,10760
2024-01-29,O10614,C1033,P171,Clothing,East,Cash on Delivery,3,4749
2024-06-13,O10615,C1009,P119,Home,North,UPI,5,13605
2024-12-04,O10616,C1088,P192,Clothing,North,Debit Card,2,3462
2024-05-15,O10617,C1001,P162,Clothing,West,Cash on Delivery,5,7955
2024-12-30,O10618,C1010,P153,Electronics,East,Debit Card,5,24995
2024-11-16,O10619,C1049,P173,Sports,South,Credit Card,3,6282
2024-12-07,O10620,C1030,P197,Sports,South,UPI,4,8212
2024-05-24,O10621,C1055,P156,Electronics,South,Debit Card,5,23860
2024-11-22,O10622,C1078,P189,Home,North,Credit Card,4,10808
2024-08-04,O10623,C1072,P140,Sports,South,UPI,1,1672
2024-10-27,O10624,C1086,P102,Electronics,North,Debit Card,4,21888
2024-05-11,O10625,C1082,P105,Electronics,North,Debit Card,2,9012
2024-10-18,O10626,C1008,P104,Sports,West,Credit Card,2,3308
2024-03-10,O10627,C1098,P104,Home,South,UPI,5,12605
2024-09-08,O10628,C1020,P153,Electronics,South,UPI,4,20180
2024-10-01,O10629,C1072,P146,Clothing,East,Debit Card,5,7735
2024-12-29,O10630,C1027,P186,Home,West,Debit Card,3,8760
2024-06-30,O10631,C1061,P148,Home,East,Debit Card,2,5034
2024-06-15,O10632,C1006,P108,Sports,West,UPI,5,12095
2024-03-31,O10633,C1079,P198,Sports,South,Credit Card,3,7239
2024-07-20,O10634,C1015,P119,Clothing,North,Credit Card,5,6070
2024-12-11,O10635,C1096,P160,Electronics,North,UPI,4,18532
2024-01-19,O10636,C1003,P134,Sports,North,Cash on Delivery,4,7136
2024-02-08,O10637,C1003,P149,Sports,North,Credit Card,4,6500
2024-05-05,O10638,C1039,P181,Home,North,Debit Card,4,11680
2024-06-21,O10639,C1016,P161,Sports,East,Cash on Delivery,1,1938
2024-05-20,O10640,C1051,P116,Sports,West,Cash on Delivery,3,7044
2024-08-29,O10641,C1092,P187,Sports,South,Credit Card,3,6555
2024-08-07,O10642,C1051,P102,Sports,East,Cash on Delivery,4,6604
2024-05-05,O10643,C1035,P131,Home,West,Cash on Delivery,1,2330
2024-02-27,O10644,C1037,P198,Clothing,North,Credit Card,4,6148
2024-05-27,O10645,C1049,P112,Clothing,West,Credit Card,1,1382
2024-11-12,O10646,C1062,P188,Electronics,West,Cash on Delivery,4,18456
2024-12-26,O10647,C1062,P172,Sports,North,Debit Card,2,4786
2024-01-01,O10648,C1061,P167,Home,North,UPI,2,4962
2024-12-13,O10649,C1098,P113,Electronics,North,Cash on Delivery,5,23915
2024-07-08,O10650,C1006,P197,Electronics,South,Cash on Delivery,4,21592
2024-07-09,O10651,C1026,P110,Clothing,North,Debit Card,3,3222
2024-11-07,O10652,C1091,P155,Home,South,Cash on Delivery,5,10825
2024-04-26,O10653,C1085,P166,Home,North,Cash on Delivery,2,4376
2024-05-13,O10654,C1013,P191,Home,South,UPI,4,8308
2024-02-27,O10655,C1070,P128,Clothing,West,UPI,5,9730
2024-02-13,O10656,C1085,P108,Clothing,East,UPI,4,6404
2024-06-21,O10657,C1004,P166,Clothing,West,Credit Card,2,3374
2024-06-08,O10658,C1054,P124,Clothing,West,Credit Card,5,5100
2024-06-21,O10659,C1001,P197,Clothing,North,UPI,2,3130
2024-11-12,O10660,C1061,P175,Sports,South,UPI,1,1683
2024-10-29,O10661,C1090,P141,Sports,East,Credit Card,2,4740
2024-05-28,O10662,C1020,P108,Home,North,Debit Card,4,8884
2024-03-20,O10663,C1078,P178,Electronics,North,Cash on Delivery,3,15978
2024-07-31,O10664,C1020,P139,Home,North,Cash on Delivery,2,4654
2024-07-21,O10665,C1009,P124,Electronics,West,UPI,3,14034
2024-09-08,O10666,C1086,P104,Clothing,South,Debit Card,1,1787
2024-08-16,O10667,C1057,P110,Electronics,South,Credit Card,5,23055
2024-06-12,O10668,C1038,P158,Home,East,UPI,5,13675
2024-08-14,O10669,C1004,P197,Home,South,Debit Card,3,8175
2024-05-26,O10670,C1064,P187,Electronics,South,Debit Card,5,22790
2024-01-20,O10671,C1012,P178,Sports,North,Debit Card,2,3652
2024-02-16,O10672,C1084,P137,Clothing,North,Credit Card,3,5712
2024-08-20,O10673,C1089,P171,Clothing,West,Credit Card,4,6480
2024-10-31,O10674,C1084,P104,Home,North,Cash on Delivery,2,5792
2024-01-14,O10675,C1052,P147,Sports,North,Cash on Delivery,2,4336
2024-05-22,O10676,C1081,P189,Electronics,North,Debit Card,2,9380
2024-01-01,O10677,C1044,P117,Clothing,North,Debit Card,4,4796
2024-02-23,O10678,C1031,P169,Sports,West,Credit Card,1,1811
2024-09-15,O10679,C1035,P136,Clothing,North,Cash on Delivery,5,8535
2024-05-23,O10680,C1080,P159,Sports,East,Debit Card,3,4602
2024-01-12,O10681,C1098,P147,Sports,East,Cash on Delivery,1,1878
2024-11-25,O10682,C1059,P176,Home,East,Cash on Delivery,3,7158
2024-08-11,O10683,C1010,P127,Clothing,East,Debit Card,5,8785
2024-09-28,O10684,C1062,P168,Electronics,North,Credit Card,4,18944
2024-12-23,O10685,C1020,P176,Home,East,Debit Card,2,5230
2024-06-04,O10686,C1051,P180,Home,North,Debit Card,2,5036
2024-01-08,O10687,C1054,P139,Electronics,West,Cash on Delivery,4,19128
2024-05-01,O10688,C1025,P144,Home,East,Debit Card,1,2000
2024-12-13,O10689,C1067,P195,Sports,South,Credit Card,1,2230
2024-06-12,O10690,C1033,P161,Sports,East,Debit Card,3,5889
2024-03-30,O10691,C1051,P192,Clothing,East,Credit Card,4,4916
2024-05-15,O10692,C1081,P157,Clothing,North,Credit Card,1,1966
2024-07-04,O10693,C1098,P166,Electronics,East,Cash on Delivery,4,18684
2024-11-11,O10694,C1092,P155,Clothing,South,UPI,5,5430
2024-06-26,O10695,C1051,P139,Sports,North,UPI,2,4104
2024-01-28,O10696,C1028,P197,Electronics,North,Cash on Delivery,2,9244
2024-08-07,O10697,C1037,P139,Electronics,West,Debit Card,2,10684
2024-12-22,O10698,C1041,P190,Clothing,West,Cash on Delivery,4,5188
2024-02-10,O10699,C1020,P176,Sports,East,Credit Card,4,9536
2024-08-15,O10700,C1041,P132,Electronics,West,UPI,3,16284
2024-07-10,O10701,C1012,P105,Sports,West,Cash on Delivery,2,4378
2024-05-24,O10702,C1063,P187,Sports,West,Debit Card,3,6222
2024-07-19,O10703,C1016,P118,Sports,North,Cash on Delivery,2,3966
2024-07-30,O10704,C1008,P179,Clothing,North,UPI,3,3492
2024-08-07,O10705,C1040,P139,Home,North,Cash on Delivery,3,8094
2024-08-27,O10706,C1000,P191,Home,West,Cash on Delivery,5,11910
2024-02-15,O10707,C1001,P196,Electronics,North,UPI,3,14124
2024-02-04,O10708,C1059,P158,Sports,West,Credit Card,4,8952
2024-09-09,O10709,C1047,P158,Clothing,North,Credit Card,3,4293
2024-03-22,O10710,C1028,P147,Sports,North,UPI,2,3776
2024-09-12,O10711,C1096,P140,Sports,South,Cash on Delivery,3,6177
2024-07-15,O10712,C1009,P112,Clothing,East,UPI,1,1223
2024-10-29,O10713,C1057,P144,Home,West,Credit Card,2,4004
2024-01-10,O10714,C1059,P188,Sports,South,Debit Card,1,1871
2024-11-07,O10715,C1020,P152,Sports,North,Cash on Delivery,2,4372
2024-10-12,O10716,C1027,P141,Home,West,Credit Card,4,9780
2024-08-29,O10717,C1074,P199,Clothing,North,Cash on Delivery,4,6440
2024-09-07,O10718,C1033,P162,Electronics,East,UPI,4,18460
2024-12-30,O10719,C1007,P126,Home,South,Debit Card,1,2269
2024-01-05,O10720,C1058,P137,Electronics,East,UPI,5,24730
2024-04-28,O10721,C1085,P159,Electronics,South,Debit Card,2,9734
2024-10-15,O10722,C1071,P106,Home,North,Cash on Delivery,4,9008
2024-03-05,O10723,C1048,P104,Sports,East,Cash on Delivery,2,3632
2024-05-25,O10724,C1078,P144,Electronics,East,UPI,1,4914
2024-08-11,O10725,C1016,P157,Electronics,North,Debit Card,5,22970
2024-08-26,O10726,C1059,P130,Clothing,East,Debit Card,1,1784
2024-06-25,O10727,C1086,P122,Sports,West,Cash on Delivery,2,4782
2024-09-23,O10728,C1087,P141,Electronics,South,UPI,5,22615
2024-12-06,O10729,C1044,P109,Clothing,South,Debit Card,5,8135
2024-10-08,O10730,C1082,P131,Sports,South,Cash on Delivery,1,2162
2024-03-03,O10731,C1068,P152,Home,West,Credit Card,4,11396
2024-08-04,O10732,C1031,P129,Home,South,UPI,2,4098
2024-12-07,O10733,C1043,P138,Clothing,North,Credit Card,3,4503
2024-11-10,O10734,C1064,P130,Home,East,UPI,3,8151
2024-10-09,O10735,C1086,P181,Electronics,West,Cash on Delivery,1,4997
2024-06-25,O10736,C1007,P199,Sports,South,Debit Card,2,3668
2024-04-07,O10737,C1076,P101,Electronics,North,Debit Card,2,9156
2024-04-14,O10738,C1071,P177,Electronics,East,Debit Card,1,5081
2024-04-08,O10739,C1086,P176,Home,East,UPI,2,4052
2024-11-06,O10740,C1042,P192,Electronics,West,Cash on Delivery,4,19080
2024-01-06,O10741,C1000,P111,Home,West,Credit Card,1,2561
2024-07-15,O10742,C1050,P138,Sports,West,Cash on Delivery,4,9212
2024-12-16,O10743,C1023,P165,Sports,North,Credit Card,2,3492
2024-05-12,O10744,C1098,P195,Electronics,North,UPI,1,5275
2024-12-23,O10745,C1023,P112,Clothing,West,UPI,2,3180
2024-09-15,O10746,C1016,P145,Home,South,Credit Card,1,2386
2024-01-23,O10747,C1004,P126,Home,East,Credit Card,2,5402
2024-02-22,O10748,C1019,P116,Electronics,East,Credit Card,4,20232
2024-06-13,O10749,C1020,P194,Home,North,Cash on Delivery,4,11888
2024-07-20,O10750,C1057,P197,Home,East,Credit Card,2,4720
2024-03-23,O10751,C1030,P159,Clothing,South,UPI,1,1865
2024-05-24,O10752,C1099,P163,Clothing,East,UPI,3,5949
2024-03-25,O10753,C1010,P187,Electronics,North,Debit Card,4,19948
2024-03-18,O10754,C1051,P134,Clothing,North,Credit Card,4,5404
2024-01-01,O10755,C1014,P169,Electronics,South,Cash on Delivery,3,15600
2024-02-20,O10756,C1082,P182,Sports,South,Cash on Delivery,2,4854
2024-06-21,O10757,C1006,P129,Electronics,East,Cash on Delivery,1,4755
2024-07-23,O10758,C1027,P170,Sports,East,Debit Card,2,3442
2024-09-16,O10759,C1050,P173,Electronics,North,UPI,5,26915
2024-10-14,O10760,C1057,P195,Home,South,Cash on Delivery,4,11008
2024-02-03,O10761,C1004,P197,Clothing,South,UPI,5,8900
2024-12-13,O10762,C1004,P162,Sports,South,Debit Card,4,6000
2024-04-04,O10763,C1093,P127,Electronics,East,Credit Card,4,20180
2024-03-12,O10764,C1095,P159,Clothing,South,Credit Card,5,7225
2024-02-08,O10765,C1007,P178,Electronics,North,Credit Card,5,22890
2024-06-02,O10766,C1063,P193,Clothing,North,Cash on Delivery,2,2470
2024-09-06,O10767,C1009,P136,Clothing,East,Credit Card,5,6665
2024-06-10,O10768,C1037,P192,Electronics,West,Cash on Delivery,2,10776
2024-04-27,O10769,C1095,P121,Sports,East,Debit Card,2,3696
2024-09-15,O10770,C1091,P167,Sports,West,Debit Card,2,3194
2024-11-01,O10771,C1080,P119,Home,South,Cash on Delivery,4,8324
2024-09-24,O10772,C1094,P195,Clothing,East,UPI,4,6004
2024-02-23,O10773,C1007,P199,Home,North,Credit Card,5,14830
2024-08-23,O10774,C1024,P167,Home,South,Credit Card,4,9904
2024-08-09,O10775,C1072,P190,Electronics,North,Credit Card,5,27130
2024-09-07,O10776,C1065,P163,Electronics,South,Cash on Delivery,4,20812
2024-11-08,O10777,C1078,P116,Electronics,East,Debit Card,1,5264
2024-04-21,O10778,C1049,P111,Clothing,West,Credit Card,1,1920
2024-09-11,O10779,C1066,P121,Electronics,South,Debit Card,5,25245
2024-10-29,O10780,C1048,P116,Electronics,West,Credit Card,4,18052
2024-07-25,O10781,C1035,P109,Clothing,South,Credit Card,4,5564
2024-08-16,O10782,C1067,P164,Clothing,North,Cash on Delivery,2,2692
2024-12-06,O10783,C1077,P121,Sports,North,UPI,3,5427
2024-03-06,O10784,C1040,P189,Electronics,South,Cash on Delivery,5,24425
2024-03-15,O10785,C1088,P181,Electronics,West,Credit Card,3,14124
2024-04-12,O10786,C1061,P149,Electronics,East,Credit Card,3,14568
2024-07-10,O10787,C1009,P113,Sports,East,UPI,5,12365
2024-09-08,O10788,C1020,P163,Electronics,North,Debit Card,4,20400
2024-08-13,O10789,C1035,P146,Sports,East,Debit Card,5,10335
2024-10-20,O10790,C1011,P128,Home,North,Credit Card,3,6279
2024-11-01,O10791,C1090,P175,Sports,East,Debit Card,4,6368
2024-04-07,O10792,C1001,P135,Home,South,Credit Card,1,2339
2024-12-03,O10793,C1012,P198,Electronics,North,UPI,5,25480
2024-10-12,O10794,C1052,P151,Home,North,UPI,5,12220
2024-11-30,O10795,C1031,P175,Sports,South,Credit Card,4,9024
2024-12-12,O10796,C1094,P106,Clothing,North,UPI,1,1021
2024-11-03,O10797,C1015,P128,Home,East,Cash on Delivery,1,2290
2024-09-05,O10798,C1031,P110,Home,East,Cash on Delivery,4,9936
2024-06-14,O10799,C1031,P132,Electronics,North,UPI,2,10566
2024-11-30,O10800,C1097,P105,Sports,East,Credit Card,5,9025
2024-01-30,O10801,C1010,P178,Home,West,Credit Card,5,13165
2024-09-03,O10802,C1009,P131,Home,North,UPI,3,6381
2024-04-15,O10803,C1014,P150,Home,South,Debit Card,4,10496
2024-02-20,O10804,C1016,P174,Home,West,Cash on Delivery,3,8814
2024-03-21,O10805,C1039,P157,Clothing,North,Debit Card,3,3816
2024-05-12,O10806,C1017,P186,Sports,South,Credit Card,1,2347
2024-10-11,O10807,C1054,P125,Electronics,East,Credit Card,5,24705
2024-05-17,O10808,C1072,P197,Electronics,South,Debit Card,3,15006
2024-07-02,O10809,C1024,P145,Clothing,West,UPI,1,1129
2024-11-25,O10810,C1058,P197,Sports,East,Debit Card,4,6524
2024-09-29,O10811,C1077,P128,Home,North,Debit Card,3,7788
2024-12-05,O10812,C1088,P103,Clothing,East,Cash on Delivery,5,9670
2024-03-09,O10813,C1021,P180,Sports,North,Cash on Delivery,3,5943
2024-02-03,O10814,C1029,P198,Home,North,Debit Card,4,11444
2024-09-18,O10815,C1083,P112,Clothing,South,Debit Card,3,4167
2024-02-22,O10816,C1084,P138,Sports,South,Credit Card,5,10460
2024-07-23,O10817,C1043,P114,Electronics,South,Cash on Delivery,1,5498
2024-05-05,O10818,C1031,P128,Electronics,West,Cash on Delivery,5,27420
2024-08-22,O10819,C1050,P128,Sports,West,Credit Card,1,1824
2024-02-12,O10820,C1045,P174,Electronics,South,UPI,2,9136
2024-08-27,O10821,C1020,P131,Sports,West,Cash on Delivery,5,10795
2024-04-20,O10822,C1098,P101,Home,East,Cash on Delivery,5,12235
2024-09-05,O10823,C1031,P146,Sports,East,UPI,4,8108
2024-05-30,O10824,C1093,P177,Home,West,Cash on Delivery,3,8454
2024-07-01,O10825,C1038,P183,Clothing,West,Cash on Delivery,1,1616
2024-12-01,O10826,C1011,P121,Sports,East,UPI,1,1664
2024-04-04,O10827,C1046,P174,Clothing,North,UPI,4,5948
2024-01-08,O10828,C1017,P126,Electronics,East,Debit Card,4,20848
2024-12-25,O10829,C1020,P166,Home,East,Credit Card,3,8124
2024-07-02,O10830,C1012,P180,Sports,West,Credit Card,3,5775
2024-10-07,O10831,C1020,P155,Clothing,East,UPI,5,8480
2024-07-13,O10832,C1007,P191,Home,West,UPI,2,5666
2024-12-17,O10833,C1045,P192,Home,West,Cash on Delivery,3,6792
2024-07-13,O10834,C1006,P120,Electronics,South,Debit Card,4,21496
2024-06-03,O10835,C1022,P146,Electronics,East,Debit Card,3,15333
2024-04-02,O10836,C1095,P179,Home,North,UPI,1,2341
2024-06-08,O10837,C1074,P158,Home,South,Cash on Delivery,2,5662
2024-03-01,O10838,C1085,P183,Sports,West,Cash on Delivery,5,11125
2024-05-01,O10839,C1021,P105,Home,West,Credit Card,1,2277
2024-02-20,O10840,C1088,P118,Sports,North,Credit Card,1,2173
2024-10-03,O10841,C1021,P156,Home,West,Cash on Delivery,2,4876
2024-01-05,O10842,C1091,P168,Electronics,East,Credit Card,5,23280
2024-04-01,O10843,C1028,P102,Sports,South,UPI,4,7684
2024-06-18,O10844,C1012,P100,Clothing,West,Cash on Delivery,5,6250
2024-11-12,O10845,C1081,P157,Electronics,West,Credit Card,3,16131
2024-01-22,O10846,C1001,P137,Sports,North,Debit Card,1,2108
2024-11-21,O10847,C1028,P114,Sports,East,Cash on Delivery,3,6087
2024-01-01,O10848,C1084,P133,Clothing,West,Cash on Delivery,4,5304
2024-05-12,O10849,C1078,P160,Sports,North,Debit Card,3,7380
2024-08-20,O10850,C1051,P134,Home,West,UPI,5,14470
2024-01-12,O10851,C1026,P163,Clothing,North,Debit Card,3,3288
2024-12-11,O10852,C1049,P124,Electronics,North,Cash on Delivery,4,20048
2024-02-15,O10853,C1094,P123,Electronics,East,UPI,4,18860
2024-02-03,O10854,C1078,P111,Home,West,Credit Card,4,8524
2024-03-18,O10855,C1022,P117,Electronics,East,Credit Card,5,23795
2024-08-05,O10856,C1087,P114,Sports,North,Credit Card,4,6496
2024-10-27,O10857,C1043,P179,Sports,South,Cash on Delivery,1,1581
2024-03-13,O10858,C1076,P126,Home,West,Debit Card,4,9128
2024-10-08,O10859,C1021,P171,Electronics,South,UPI,3,15546
2024-09-05,O10860,C1042,P159,Electronics,West,Credit Card,3,13674
2024-02-16,O10861,C1036,P145,Home,East,UPI,3,7629
2024-04-30,O10862,C1060,P188,Clothing,East,Cash on Delivery,5,5800
2024-08-01,O10863,C1096,P116,Electronics,East,Credit Card,3,14349
2024-08-26,O10864,C1055,P192,Clothing,East,Cash on Delivery,5,5525
2024-02-25,O10865,C1002,P152,Electronics,East,Debit Card,5,23020
2024-12-15,O10866,C1062,P107,Electronics,South,Cash on Delivery,4,19752
2024-04-16,O10867,C1018,P178,Electronics,East,Cash on Delivery,1,4727
2024-11-14,O10868,C1022,P126,Electronics,North,Debit Card,4,20796
2024-02-17,O10869,C1028,P145,Sports,North,UPI,4,8324
2024-03-01,O10870,C1029,P149,Clothing,South,Debit Card,5,6585
2024-12-02,O10871,C1038,P170,Clothing,West,Debit Card,5,7315
2024-01-26,O10872,C1024,P102,Electronics,North,Cash on Delivery,3,15903
2024-10-18,O10873,C1007,P192,Electronics,West,UPI,3,15294
2024-09-13,O10874,C1057,P163,Clothing,South,Credit Card,4,7524
2024-01-08,O10875,C1015,P143,Sports,West,Debit Card,2,4746
2024-04-22,O10876,C1071,P152,Home,West,UPI,2,4942
2024-12-20,O10877,C1000,P123,Home,West,Debit Card,3,6165
2024-09-09,O10878,C1004,P159,Clothing,West,Debit Card,2,3248
2024-06-28,O10879,C1002,P102,Electronics,South,Debit Card,3,13536
2024-07-25,O10880,C1064,P119,Electronics,North,Debit Card,5,24695
2024-10-29,O10881,C1003,P145,Sports,East,Cash on Delivery,4,6068
2024-05-06,O10882,C1098,P114,Home,West,UPI,1,2693
2024-02-25,O10883,C1095,P124,Sports,North,UPI,4,9888
2024-08-01,O10884,C1063,P193,Home,North,UPI,3,6336
2024-01-14,O10885,C1097,P177,Clothing,South,Debit Card,3,3684
2024-01-28,O10886,C1088,P170,Home,North,Cash on Delivery,4,8680
2024-03-18,O10887,C1009,P116,Sports,South,Debit Card,3,5382
2024-08-03,O10888,C1020,P183,Sports,West,Debit Card,2,3376
2024-12-30,O10889,C1045,P199,Sports,West,UPI,2,3850
2024-06-02,O10890,C1090,P108,Clothing,East,Debit Card,3,5928
2024-01-14,O10891,C1026,P137,Home,East,Credit Card,3,6234
2024-07-05,O10892,C1065,P147,Home,East,Debit Card,2,5314
2024-11-07,O10893,C1040,P159,Sports,North,Credit Card,3,7254
2024-01-07,O10894,C1012,P162,Home,West,Debit Card,3,6543
2024-01-03,O10895,C1008,P185,Electronics,South,Cash on Delivery,4,19992
2024-04-20,O10896,C1035,P101,Electronics,East,Cash on Delivery,1,5297
2024-08-25,O10897,C1085,P187,Electronics,South,UPI,2,10522
2024-12-28,O10898,C1089,P171,Home,South,Debit Card,4,11460
2024-08-26,O10899,C1057,P110,Clothing,East,Credit Card,1,1825
2024-09-30,O10900,C1053,P163,Clothing,West,Credit Card,3,5121
2024-10-20,O10901,C1011,P176,Clothing,East,Debit Card,3,5502
2024-08-14,O10902,C1080,P180,Clothing,South,Credit Card,4,4280
2024-01-15,O10903,C1077,P171,Electronics,East,Cash on Delivery,3,14241
2024-07-10,O10904,C1013,P120,Electronics,South,Credit Card,5,23225
2024-04-28,O10905,C1033,P117,Sports,South,UPI,4,8468
2024-01-28,O10906,C1052,P193,Home,East,Cash on Delivery,1,2774
2024-07-20,O10907,C1019,P163,Home,North,Cash on Delivery,4,9180
2024-02-08,O10908,C1074,P181,Clothing,East,Cash on Delivery,2,3162
2024-09-29,O10909,C1015,P194,Electronics,North,Debit Card,4,19876
2024-08-18,O10910,C1094,P137,Clothing,South,Debit Card,3,4515
2024-03-26,O10911,C1069,P131,Sports,South,Cash on Delivery,3,5076
2024-05-05,O10912,C1055,P110,Home,North,Debit Card,5,10335
2024-10-26,O10913,C1082,P144,Home,South,Credit Card,5,12465
2024-01-25,O10914,C1057,P188,Clothing,North,Debit Card,5,9080
2024-05-24,O10915,C1003,P132,Sports,North,Debit Card,1,1551
2024-01-13,O10916,C1003,P140,Home,South,Cash on Delivery,5,14405
2024-07-30,O10917,C1019,P107,Sports,West,UPI,1,1862
2024-01-25,O10918,C1009,P110,Sports,North,UPI,5,11480
2024-03-08,O10919,C1023,P185,Clothing,East,UPI,1,1916
2024-03-07,O10920,C1098,P150,Electronics,East,Credit Card,4,19892
2024-08-20,O10921,C1025,P187,Clothing,South,Debit Card,4,7380
2024-04-18,O10922,C1036,P140,Electronics,West,UPI,3,15060
2024-05-25,O10923,C1084,P116,Sports,South,Cash on Delivery,1,2262
2024-04-20,O10924,C1053,P175,Electronics,West,UPI,2,9860
2024-08-15,O10925,C1020,P145,Sports,North,UPI,3,7029
2024-04-20,O10926,C1073,P131,Home,North,Debit Card,4,9188
2024-02-03,O10927,C1037,P178,Home,North,Debit Card,1,2434
2024-04-20,O10928,C1045,P179,Home,North,Debit Card,5,13475
2024-09-20,O10929,C1003,P153,Clothing,East,Credit Card,2,3380
2024-08-23,O10930,C1059,P185,Clothing,East,Credit Card,4,4788
2024-03-23,O10931,C1056,P191,Sports,South,UPI,3,4881
2024-02-11,O10932,C1044,P119,Home,West,Debit Card,1,2531
2024-04-10,O10933,C1019,P132,Clothing,North,UPI,2,3966
2024-01-06,O10934,C1016,P173,Home,North,Cash on Delivery,1,2410
2024-06-28,O10935,C1070,P139,Clothing,West,Cash on Delivery,5,9665
2024-10-08,O10936,C1003,P131,Electronics,West,Debit Card,3,16017
2024-11-15,O10937,C1092,P196,Electronics,South,Debit Card,1,4564
2024-08-13,O10938,C1013,P101,Home,West,Cash on Delivery,4,10772
2024-11-10,O10939,C1002,P196,Sports,North,Debit Card,3,5220
2024-12-30,O10940,C1087,P132,Clothing,North,Credit Card,4,5472
2024-08-16,O10941,C1079,P176,Clothing,North,Credit Card,1,1535
2024-10-15,O10942,C1057,P129,Electronics,North,Debit Card,3,14649
2024-05-29,O10943,C1054,P132,Electronics,North,Cash on Delivery,4,19720
2024-10-03,O10944,C1003,P176,Sports,South,UPI,5,12330
2024-07-16,O10945,C1023,P125,Sports,North,Debit Card,5,7910
2024-03-10,O10946,C1033,P121,Sports,South,Debit Card,1,2481
2024-04-21,O10947,C1029,P165,Home,North,UPI,3,8490
2024-01-04,O10948,C1081,P137,Electronics,East,Debit Card,2,10392
2024-12-15,O10949,C1018,P189,Home,East,UPI,3,8850
2024-11-26,O10950,C1030,P145,Electronics,East,Cash on Delivery,5,26635
2024-11-13,O10951,C1059,P114,Electronics,East,Credit Card,4,20440
2024-12-15,O10952,C1059,P197,Clothing,South,Cash on Delivery,2,3146
2024-04-04,O10953,C1018,P143,Electronics,South,Credit Card,1,4785
2024-05-31,O10954,C1048,P148,Electronics,West,UPI,2,10976
2024-11-06,O10955,C1062,P174,Home,North,Credit Card,1,2533
2024-05-16,O10956,C1082,P160,Electronics,East,Cash on Delivery,2,9916
2024-09-03,O10957,C1021,P166,Home,South,Credit Card,1,2211
2024-08-30,O10958,C1023,P105,Sports,North,UPI,1,1625
2024-01-31,O10959,C1075,P108,Electronics,North,Credit Card,2,9824
2024-02-09,O10960,C1029,P105,Electronics,South,Debit Card,2,9996
2024-08-16,O10961,C1057,P172,Home,East,Cash on Delivery,1,2424
2024-02-05,O10962,C1030,P194,Sports,West,Debit Card,5,10265
2024-08-10,O10963,C1099,P131,Clothing,North,UPI,2,3218
2024-01-06,O10964,C1063,P140,Sports,West,Credit Card,3,7380
2024-11-17,O10965,C1018,P175,Home,East,Debit Card,4,10168
2024-08-07,O10966,C1047,P107,Sports,East,Debit Card,1,1657
2024-03-15,O10967,C1044,P171,Home,West,Credit Card,1,2111
2024-01-04,O10968,C1099,P149,Home,East,Credit Card,4,9604
2024-11-30,O10969,C1093,P191,Clothing,North,Cash on Delivery,5,8790
2024-05-13,O10970,C1054,P161,Electronics,West,Debit Card,4,18484
2024-04-27,O10971,C1054,P183,Home,East,Debit Card,2,4544
2024-04-03,O10972,C1096,P161,Home,West,UPI,4,9172
2024-03-02,O10973,C1017,P106,Clothing,North,Cash on Delivery,1,1397
2024-07-12,O10974,C1062,P174,Home,East,UPI,4,9880
2024-11-30,O10975,C1091,P183,Electronics,North,Debit Card,3,16452
2024-07-21,O10976,C1046,P179,Clothing,East,UPI,2,2412
2024-01-26,O10977,C1074,P103,Electronics,South,Debit Card,4,18436
2024-06-21,O10978,C1056,P105,Electronics,East,Debit Card,1,4939
2024-10-26,O10979,C1044,P157,Clothing,West,UPI,2,2554
2024-05-12,O10980,C1032,P121,Home,East,UPI,1,2962
2024-11-21,O10981,C1016,P125,Electronics,North,Credit Card,5,25335
2024-04-27,O10982,C1069,P102,Electronics,North,Credit Card,3,16158
2024-11-19,O10983,C1003,P140,Electronics,East,Credit Card,5,27070
2024-10-01,O10984,C1019,P159,Electronics,West,Debit Card,3,15204
2024-07-30,O10985,C1046,P113,Clothing,South,UPI,4,7756
2024-08-12,O10986,C1090,P174,Clothing,West,Cash on Delivery,2,2962
2024-01-20,O10987,C1014,P181,Sports,South,Debit Card,4,9208
2024-04-22,O10988,C1069,P111,Sports,North,Cash on Delivery,3,4839
2024-05-19,O10989,C1046,P186,Electronics,West,UPI,3,16176
2024-02-16,O10990,C1077,P111,Home,South,Debit Card,3,8688
2024-01-01,O10991,C1074,P112,Electronics,East,Cash on Delivery,1,5319
2024-03-30,O10992,C1008,P124,Home,North,Cash on Delivery,2,5704
2024-05-21,O10993,C1089,P144,Electronics,East,Credit Card,4,19904
2024-11-15,O10994,C1015,P118,Sports,North,Credit Card,4,8836
2024-02-07,O10995,C1068,P154,Sports,West,Credit Card,5,12160
2024-10-19,O10996,C1060,P199,Home,West,Debit Card,3,6960
2024-05-18,O10997,C1009,P144,Electronics,North,UPI,3,14034
2024-12-21,O10998,C1049,P107,Home,North,UPI,3,8688
2024-11-28,O10999,C1002,P192,Sports,North,Credit Card,4,6872
